{"cameraMode":{"drawMode":0,"name":"Shaded","section":"Shading Mode"},"sceneLighting":true,"audioPlay":false,"sceneViewState":{"m_AlwaysRefresh":false,"showFog":true,"showSkybox":true,"showFlares":true,"showImageEffects":true,"showParticleSystems":true,"showVisualEffectGraphs":true,"m_FxEnabled":true},"in2DMode":false,"pivot":{"x":-16.71072769165039,"y":-19.926359176635743,"z":-18.966886520385743},"rotation":{"x":-0.08792168647050858,"y":0.8975474238395691,"z":-0.37841862440109255,"w":-0.20855173468589784},"size":24.019561767578126,"orthographic":false}